id	lane	prompt
build6	build	build6-comment-store.txt
build7	build	build7-publish-hardening.txt
build8	build	build8-shorts-factory.txt
fe6	fe	fe6-create-edit-rooms.txt
fe7	fe	fe7-onboarding.txt
fe8	fe	fe8-empty-error-states.txt
build9	build	build9-tenant-isolation.txt
build10	build	build10-observability.txt
fe9	fe	fe9-perf-and-a11y.txt
fe10	fe	fe10-brand-consistency.txt
review1	review	review1-code-review.txt
qa1	qa	qa1-app-qa.txt
fix1	build	fix1-review-blockers.txt
flow1	fe	flow1-four-room-basics.txt
fixdoc08281	build	fixdoc08281.txt
fixdoc08282	fe	fixdoc08282.txt
fixdoc08283	review	fixdoc08283.txt
fixdoc08284	qa	fixdoc08284.txt
fixdoc08285	build	fixdoc08285.txt
ship1	review	ship1-release-readiness.txt
flowcheck082822	qa	flowcheck082822.txt
gapfill082823	build	gapfill082823.txt
regress082900	review	regress082900.txt
fixdoc08291	build	fixdoc08291.txt
sweep082901	qa	sweep082901.txt
flowcheck082902	qa	flowcheck082902.txt
gapfill082903	build	gapfill082903.txt
regress082904	review	regress082904.txt
sweep082905	qa	sweep082905.txt
gapfill082907	build	gapfill082907.txt
regress082908	review	regress082908.txt
sweep082909	qa	sweep082909.txt
flowcheck082910	qa	flowcheck082910.txt
gapfill082911	build	gapfill082911.txt
regress082912	review	regress082912.txt
sweep082913	qa	sweep082913.txt
flowcheck082918	qa	flowcheck082918.txt
gapfill082919	build	gapfill082919.txt
fixfeedback082919	build	fixfeedback082919.txt
fixdoc08291	review	fixdoc08291.txt
regress090300	review	regress090300.txt
sweep090301	qa	sweep090301.txt
flowcheck090302	qa	flowcheck090302.txt
gapfill090303	build	gapfill090303.txt
flowcheck090306	qa	flowcheck090306.txt
gapfill090307	build	gapfill090307.txt
regress090308	review	regress090308.txt
sweep090309	qa	sweep090309.txt
flowcheck090310	qa	flowcheck090310.txt
gapfill090311	build	gapfill090311.txt
sweep090317	qa	sweep090317.txt
flowcheck090318	qa	flowcheck090318.txt
gapfill090319	build	gapfill090319.txt
regress090320	review	regress090320.txt
sweep090321	qa	sweep090321.txt
flowcheck090322	qa	flowcheck090322.txt
gapfill090323	build	gapfill090323.txt
regress090400	review	regress090400.txt
sweep090401	qa	sweep090401.txt
flowcheck090402	qa	flowcheck090402.txt
gapfill090403	build	gapfill090403.txt
regress090404	review	regress090404.txt
sweep090405	qa	sweep090405.txt
flowcheck090406	qa	flowcheck090406.txt
gapfill090407	build	gapfill090407.txt
regress090408	review	regress090408.txt
